"model_key","model_label","outcome","lambda_min","lambda_1se","accuracy","auc","n_active_features"
"chat","ChatGPT","gender_male",0.0209892856667123,0.0277466003997353,0.545833333333333,0.538194444444444,4
"chat","ChatGPT","ethnicity_german",0.0376081045623986,0.0376081045623986,0.5,0.5,0
"gem","Gemini","gender_male",0.0178331546663806,0.0311639442412297,0.541666666666667,0.5303125,1
"gem","Gemini","ethnicity_german",0.0218463128668704,0.0218463128668704,0.5,0.6125,1
"qwen4B","Qwen 4B","gender_male",0.0209538156929051,0.0333644001826534,0.5,0.5,0
"qwen4B","Qwen 4B","ethnicity_german",0.0275972273806934,0.0302879229813421,0.470833333333333,0.505520833333333,1
"qwen8B","Qwen 8B","gender_male",0.0328100123322337,0.0328100123322337,0.5,0.5,0
"qwen8B","Qwen 8B","ethnicity_german",0.0172586574438589,0.0301599940291475,0.5,0.495833333333333,1
